<application>
  <component name="FileTypeManager" version="18">
    <ignoreFiles list="*.pyc;*.pyo;*.rbc;*.yarb;*~;.DS_Store;.git;.hg;.svn;CVS;__pycache__;_svn;log;vssver.scc;vssver2.scc" />
    <extensionMap>
      <mapping ext="mmdb" type="PLAIN_TEXT" />
      <removed_mapping ext="apk" approved="true" type="ARCHIVE" />
      <removed_mapping ext="cfg" approved="true" type="GitIgnore file" />
      <removed_mapping ext="psd" approved="true" type="Image" />
      <removed_mapping pattern="ads_mixer" approved="true" type="GitIgnore file" />
    </extensionMap>
  </component>
</application>